id,sequence
OspA_protein_1,mkkyllgiglilaliackqnvssldeKnsvsvdlPGEmkvlvskeKnKDgkydliatvdKlelkgtsdkNngsgvlegvkadkskvkltisDDLgqttlevfkedgKtlvskkvtsKdkssteekfnEKgevsekiitradgtRleytgikSdgsgkakevlKgyvlegtltaEKttlvvkeGTvtlsknisksgevsvelndTDSSAAtkktaawNSGtstltitvnsKKtkdlvftKEnTitvqqydSNgTKLEgSaveiTKldeikNalk
OspA_protein_2,mkkyllgiglilaliackqnvssldeKnsvsvdlPGEmkvlvskeKnKDgkydliatvdKlelkgtsdkNngsgvlegvkadkskvkltisDDLgqttlevfkedgKtlvskkvtsKdkssteekfnEKgevsekiitradgtrleyteiKSdgsgkakevlKgyvlegtltaEKttlvvkeGTvtlsknisksgevsvelndTDSSAAtkktaawNSGtstltitvnsKKtkdlvftKEnTitvqqydSNgTKLEgSaveiTKldeikNalk
OspA_protein_3,mkkyllgiglilaliackqnvssldeKnsvsvdlPGEmnvlvskeKnKDgkydliatvdKlelkgtsdkNngsgvlegvkadkskvkltisDDLgqttlevfkedgKtlvskkvtsKdkssteekfnEKgevsekiitradgtrleyteiKSdgsgkakevlKgyvlegtltaEKttlvvkeGTvtlsknisksgevsvelndTDSSAAtkktaawNSGtstltitvnsKKtkdlvftKEntitvqqydSNgTKLEgSaveiTkldeikNalk
OspA_protein_4,mkkyllgiglilaliackqnvssldeKnsvsvdlPGEmnvlvskeKnKDgkydliatvdKlelkgtsdkNngsgvlegvkadkskvkltisDdLgqttlevfkedgKtlvskkvtsKdkssteekfnEKgevsekiitradgtrleyteiKSdgsgkakevlKgyvlegtltaEKttlvvkeGTvtlsknisksgevsvelndTDSSAAtkktaawNSGtstltitvnsKKtkdlvftKEntitvqqydSNgTKLEgSaveiTkldeikNalq
OspA_protein_5,mkkyllgiglilaliackqnvssldeKnsvsvdlPGEmnvlvskeKnKDgkydliatvdKlelkgtsdkNngsgvlegvkadkskvkltisDDLgqttlevfkedgKtlvskkvtsKdkssteekfnEKgevsekiitradgtrleyteiKSDgsgkakevlKsyvlEgtltaEKttlvvkegTvtlsknisksgevsvelndTDSSAAtkktaawNSGtstltitvnsKKtkdlvftKEntitvqqydSNgTKLEgSavEiTkldeikNalk
OspA_protein_6,mkkyllgiglilaliackqnvssldeKnsvsvdlPGEmkvlvskeKnKDgkydliatvdKlelkgtsdkNngsgvlegvkadkskvkltvsDdLgqttlevfkedgKtlvskkvtsKdkssteekfnEKgeltekiitradgtrleyteiKSdgsgkakevlKgyvlegtltaEKttlvvkeGTvtlsknisksgevsvelndTDSSAAtkktaawNSGtstltitvnsKKtkdlvftKEnTitvqqydSNgTKLEgSavEiTKldeikNalk
OspA_protein_7,mkkyllgiglilaliackqnvssldeKnsasvdlPGEmkvlvskeKdKDgkyslkatvdKielkgtsdkDNgsgvlegtkDDKskakltiaDdlskttfelfkEDgKtlvsrkvssKDKtstdemfnEKgElsaKtmtRENgtkleytemKSDgTgKakevlKnftlegKvANdKvtlevKeGTvtlskeiaksgEvtvalNdTNTTQAtKktgawDSKtstltisvNSKkttqlvftKQdTitvqkydSAgTNlEGTavEiktlDelkNalk
OspA_protein_8,mkkyllgiglilaliackqnvssldeKnsasvDlPGEiKvlvskeKdKDgkyslkatvdKielkgtsdkDNgsgvlegtkDDKskakltiaDdlskttfelfkEDgKtlvsrkvssKDKtstdemfnEKgElsaKtmtRENgtkleytemKSDgTgKakevlKnftlegKvANdKvtlevKeGTvtlskeiaksgEvtvalNdTNTTQAtKktgawDSKtstltisvNSKkttqlvftKQdTitvqkydSAgTNlEGTavEiktlDelkNalk
OspA_protein_9,mkkyllgiglilaliackqnvssldEKnsvsvdlPGgmkvlvskEKdKDgkyslmatveKlelKgtsdkSNgsgvlegEkadkskakltisQDlnqttfeifkEdgKtlvsRkvnsKDKssteekfnDKgKlsekvvtRaNgtrleyteiKNDgsgkakevlKgfalEgtltDGgEtkltvteGTvtlsknisKsgeitvalNdTETTPADKktgEwksDTstltiskNSQktkqlvftKEntitvqnyNRAGNaLEGSPaEiKdlAElkaalk
OspA_protein_10,mkkyllgiglilaliackqnvssldeKnsvsvdlPGgmkvlvskEKdKDgkyslmatveKlelKgtsdkSngsgvlegEkadkskakltisQDlnqttfeifkEdgKtlvsRkvnsKDKssteekfnDKgKlsekvvtRangtrleytgiQNDgsgkakeVlKgltlegtltADgetkltvteKTvtlsknisKsgEitvdlKdTDSSADkksgTwdSDtstltiikNsLktkqlvftKEntitvqnyNRAgNaLEGSPaEiKdlAelqaalk
OspA_protein_11,mkkyllgiglilaliackqnvssldeKnsvsvdlPGgmkvlvskEKdKDgkyslmatvdKlelkgtsdkSngsgvlegEkadkskakltisQDlnqttfeifkEDgKtlvsRkvnsKDKssteekfnDKgklsekvvtRKdgtrleytdiQNDgsgkakevlAgltlegtltADgetkltvteKTvTlsknisKsgEitvdlKdTDSSADkksgTwdSDtstltiikNsKktkqlvftKEntitvqnyNSAGNaLEGSPdeiKdlAklqaalk
OspA_protein_12,mkkyllgiglilaliackqnvssldeKnsvsvdlPGEmkvlvskEKdKDgkyslmatvdKlelKgtsdkSngsgtlegEkSDKskakltisEdlskttfeifkEDgKtlvskkvnsKDKssieekfnaKgelsektilRaNgtrleyteiKSdgtgkakevlKDFalegtlaADkttlkvteGTvvlskhipNsgeitvelNdSNSTQAtkktgKwDSNtstltisvNSKktknivftKEDTitvqkyDSAgTNlEGNavEiktldelkNalk
OspA_protein_13,mkkyllgiglilaliackqnvssldeKnsvsvdlPGgmkvlvskEKdKDgkynlmatveKlElKgtsdKNngsgtlegEkTDKskvkltiaEdlskttfeifkEDgKTlvskkvtlKdkssteekfnEKgeisektiarangtRleytdiKSDKtgkakeVlKDftlegtlaADgKttlkvteGTvTlsknisKsgEitvalDdTdSSGnKksgtwdsGTstltiskNSQKtkqlvftKEdtitvqnyDSAgTNlEGKAvEittlKalkdalk
OspA_protein_14,mkkyllgiglilaliackqnvssldeKnsvsvdlPGgmkvlvskEKdKDgkyslmatveKlElKgtsdKNngsgtlegEkTDKskvkltiaEdlskttfeifkEDgKTlvskkvtlKdkssteekfnEKgeisektivrangtRleytdiKSDKtgkakeVlKDftlegtlaADgKttlkvteGTvTlskNisKsgEitvalDdTdSSGnKksgTwDsGTstltiskNRQktkqlvftKEdtitvqnydSAgTNlEGKavEittlKelkdalk
OspA_protein_15,mkkyllgiglilaliackqnvssldeKnsvsvdlPGgmkvlvskEKdKDgkyslmatveKlElKgtsdKNngsgtlegEkTDKskvkltiaEdlskttfeifkEDgKTlvskkvtlKdkssteekfnEKgeisektivrangtRleytdiKSDKtgkakeVlKDftlegtlaADgKttlkvtqGTvTlsknisksgEitvalDdTdSSGnKksgTwDsGTstltiskNRQKNknlVftKEdTitvqnYDSAGTNLEGTAvEittlKalkDalk
OspA_protein_16,mkkyllgiglilaliackqnvssldeKnsvsvdlPGgmkvlvskEKdKDgkyslmatveKlElKgtsdKNngsgtlegEkTDKskvkltiaEdlskttfeifkEDgKTlvskkvtlKdkssteekfnEKgeisektiarangtRleytdiKSDKtgkakeVlKDftlegtlaADgKttlkvteGTvTlsknisksgEitvalDdTdSSGnKksgtwdsGTstltiskNSQKtkqlvftKEdtitvqnyDSAgTNlEGKAvEittlKalkdalk
OspA_protein_17,mkkyllgiglilaliackqnvssldeKnsvsvdlPGgmkvlvskEKdKDgkynlmatveKlElKgtsdkNngsgtlegEkTDKskvkltiaEdlskttfeifkEDgKTlvskkvtlKdkssteekfnEKgeisektiarangtRleytdiKSDKtgkakeVlKDftlegtlaADgKttlkvteGTvTlsknisKsgEitvalDdTdSSGnKksgtwdsGTstltiskNSQKtkqlvftKEdtitvqnydSAgTNlEGKavEittlKelkdalk
OspA_protein_18,mkkyllgiglilaliackqnvssldeKnsvSvdlPGgmtvlvskEKdKDgkyslEatvdKlElKgtsdkNngsgtlegEkTDKskvkltiaDdlsqtkfeifkEDgKTlvskkvtlKdkssteekfnEKgetsektivrangtRleytdiKSdgsgkakeVlKDftlegtlaADgkttlkvteGTVvlsknilksgEitvalDdSDTTQAtKktgkwdsKtstltisvnSQKtknlvftkEdTitvqkyDSAGTNlEGKavEittlKelkdalk
OspA_protein_19,mkkyllgiglilaliackqnvssldeKnsvsvdlPGgmkvlvskEKdKDgkyslmatvdKlelKgtsdkNngsgtlegEkTDKskvkltiaDdlsqtkfeifkEDgKTlvskkvtlKdkssteekfnEKgetsektivrangtRleytdiKSdgsgkakeVlKDftlegtlaADgkttlkvteGTVvlsknilksgEitvalDdSDTTQAtKktgkwdsKtstltisvnSQKtknlvftkEdTitvqkyDSAGTNlEGKavEittlKelkdalk
OspA_protein_20,mkkyllgiglilaliackqnvssldeKnsvsvdlPGgmtvlvskEKdKDgkyslmttvdKlElKgtsdkNngsgtlegEkTDKskvkltiaDdlsqtkfeifkEDgKTlvskkvtlKdkssteekfnEKgetsektivrangtRleytdiKSdgsgkakeVlKDftlegtlaADgkttlkvtEGTVvlsknilksgEitvalDdSDTTQAtKktgkwdsKtstltisvNSQKtknlvftkEdTitvqkyDSAGTNlEGKavEittlEklkdalk
OspA_protein_21,mkkyllgiglilaliackqnvssldeKnsvsvdlPGgmkvlvskEKdKDgkyslmatveKlElKgtsdkNngsgtlegEkTDKskvkltiaEdlskttfeifkEDgKTlvskkvtlKdkssteekfnEKgeisektivrangtRleytdiKSdgsgkakevlKDftlegtlaADgkttlkvtEGTVvlsknilksgEitvalDdSDTTQAtKktgkwdsKtstltisvNSQKtknlvftkEdTitvqkyDSAgTNlEGKavEittlEklkdalk
OspA_protein_22,mkkyllgiglilaliackqnvssldEKnsvsvdlPGEmkvlvskEKdKDgkyslEatvdKlElkgtsdkNngsgvlegvkaaKskakltiaDdlsqtkfeifkEDgKTlvskkvtlKdkssteekfnDKgklsekvvtraNgtRleyteiQNDgSgKakeVlKslTlEgtlTADgEtkltvEagTvtlskNisESgeitvElKdTETTPAdKksgtwdsKtstltiskNSQktkqlvftKEntitvqkyNTAgTkLEGSPaEiKdlEalkaalk
OspA_protein_23,mkkyllgiglilaliackqnvssldeKnsvsvdlPGEmkvlvskEKdKDgkyslmatvdKlelkgtsdkNngsgtlegEkTdKskakltisDdlskttfevfkEDgKtlvsRkvnsKDKssteekfnaKgElsekvvtRaNgnRleytemkSDgSgkakevlkdfalEgtltADgkttltiqeGTvtlkkeiekagtvklflddTSSGStKktavwsdTsntltvsaDSKKikdfvflTDgTiTvqnyDTAGTKLEgTateikdlTalkTalk
OspA_protein_24,mkkyllgiglilaliackqnvssldeknsvsidlPGEmkvlvskeKdKDgkyslmatvdKlelkgtsdkSngsgvlegvkTdKskakltisDdlskttfevfkEDgTTlvsrkvtlKdkssteekfnaKgelsektivrangtrleytdiKNgtgkakevlKdfalegtltADgkttltikeGTvtlkkeiekagtvklflddTASGStKktavwsdTsntltvsaDSKKikdfVflTDgTiTvqnyDTAGTTLagTatEiKdlTalkTalk
OspA_protein_25,mkkyllgiglilaliackqnvssldeKnsvsvdlPGEmkvlvskEKdKDgkyslmatvdKlelkgtsdkNngsgtlegEkTdKskakltisDdlskttfevfkEDgKtlvsRkvnsKDKssteekfnaKgElsekvvtRaNgnRleytemkSDgSgkakevlkdfalEgtltADgkttltiqeGTvtlkkeiekagtvklflddTSSGStKktavwsdTsntltvsaDSKKikdfvflTDgTiTvqnydKAgTKLEGTateikdlTalkTalk
OspA_protein_26,mkkyllgiglilaliackqnvssldEKnsvsvdlPGEmkvlvskEKdKDgkyslmatvdKhelKgtsdkSngsgvlegvkTdKsktkltisDdlskttfevfkEDgKtlvsRkvnsKDKssteekfnaKgelsekvitRaNgnrleytemKSDgsgkakevlKgFtlegtltADkttltvkeGTvtlskniaksgEitvelNdTdSSGtKksgQwnsStstltisaNNKKtkdlvftKQdTitvqkydSAAGTtLEGSavEiktlDelkNalk
OspA_protein_27,mkkyllgiglilaliackqnvssldEKnsvsvdlPGEmkvlvskEKdKDgkyslmatvdRlElKgtsdkNngsgtlegEkTdKskakltiaNdlsqtkfeifkEDgTTlvsrkvtlKdkssteekfnAKgelsektivRaNgtRlkytdiKNdgsgkakevlKDfalEgtltADgkttliiqeGTvtlkkeiekagtvklflDdTASGStKktavwnDTsntltvsaDSKKikdfvflTDgTiTvqnyNTAgTKLEGSAvEittlNalkDalk
OspA_protein_28,mkkyllgiglilaliackqnvssldeKnsvsvdlPGEmkvlvskEKdKDgkyslmatvdKlelkgtsdkNngsgtlegEkTdKskakltisDdlskttfevfkEDgKtlvsRkvnsKDKssteekfnaKgElsekvvtRaNgnRleytemkSDgSgkakevlkdlalEgtltADgkttltiqeGTvtlkkeiekagtvklflddTSSGStKktavwsdTsntltvsaDSKKikdfvflTDgTiTvqnydTAGTKLAgTatEiKdlTalkTalk
OspA_protein_29,mkkyllgiglilaliackqnvssldeKnsvsvdlPGEmkvlvskEKdKDgkyslmatvdKlelkgtsdkSngsgvlegvkTdkskakltisDdlskttfevfkEDgKtlvsRkvnsKDKssteekfnaKgelsekvvtRaNgnrleytemKSdgsgkakevlKgftlEgtltADKttltiQegTvTlskniaksgEitvelNdTdSSGdKksgQwnsSTstltisaKNKKttdlvftKQdTitvqkYNSAGTaLEGSavEiktlDelkNalk
OspA_protein_30,mkkyllgiglilaliackqnvssldEgnsvsvdlPGEmkvlvskeKdKDgkyslmatvdKlelkgtsdkSngsgilegvkTdkskakltisDdlskttfevfkEDgKtlvsRkvnsKDKssieekfnaKgelsekvvtRaNgnrleytemKSdgsgkakevlKgFtlegtltADkttltiQeGTvTlskniaksgEitvelNdTdSSGdKksgQwnsStstltisaKNKKtkdlvftKQdTitvqkYDSAGTNlEGSavEiktldelkNalk
OspA_protein_31,mkkyllgiglilaliackqnvssldeensvsvdlPGEikvlvskEKdKDgkyslmatvdKlelkgtsdkSngsgilegvkTdkskakltisDdlskttfevfkEDgKtlvsRkvnsKDKssteekfnaKgelsekvvtRaNgnrleytemKSdgsgkakevlKgFtlegtltADKttltiQeGTvTlskniaksgEitvelNdTdSSGdKksgQwnsStstltisaKNKKtkdlvftKQdTitvqkYDSAGTNlEGSavEiktldelkNalk
OspA_protein_32,mkkyllgiglilaliackqnvssldEKnsvsvdlPGgmqvlvskEKdKDgkyslmatvdKlElKgtsdKNngsgtlegEkTDKskakltiaEdlskttfeifkEDgKTlvskkvtlKdkssteekfnaKgEasektivrangtRleytdiKSDKTgkakeVlKdfalegtlaADgkttlkvteGTvvlskhisnsgeitvelNdSDTTQAtKktgtwdSKtstltisvNSRKtknlvftKEdtitvqkyDSAgTNlEGKavEittlKelkdalk
OspA_protein_33,mkkyllgiglilaliackqnvssldeKnsvsvdlPGgmqvlvskEKdKDgkyslmatvdKlElKgtsdkNNgsgvlegEkTDKskakltiaEdlsqttfeifkEDgKTmvskkvtlKdkssteeKfgEKgavtekvmtrkdgtRleytdiKSNgsgkakeVlKgFalEgtlaADgkttltvteGTvTlnkhisKsgEitvDlKdTETTPANKktgEwDSGTstlkiskNSKKtkqlvftKEnTitvqnyDSASGTNLEGTaiEiTtlDdlKDalk
OspA_protein_34,mkkyllgiglilaliackqnvssldEKnsvsvdlPGgmkvlvskEKdKDgkyslmatvdKlelKgtsdKNNgsgvlegEkTDKskakltiaEdlskttfeifkEDgKTlvskkvtlKdkssteekfnaKgEasektivrangtRleytdiKSDKTgkakeVlKdfalegtlaADgkttlkvteGTvvlskhisnsgeitvelNdSDTTQAtKktgtwdSKtstltisvNSRKtknlvftKEdtitvqkyDSAgTNlEGKavEittlKelkdalk
OspA_protein_35,mkkyllgiglilaliackqnvssldEKnsvsvdlPGEmkvlvskEKdKDgkyslEatvdKlelkgtsdkNNgsgvlegvkadkskakltiaDdlsqtkfeifkEDgKTlvskkvtlKdkssteekfnDKgklsekvvtRaNgtrleyteiQNDgSgKakeVlKslTlEgtlTADgEtkltvEegTvtlskNisESgeitvelKdTETTPAdKksgtwdsKtstltiskNSQktkqlvftKEntitvqkyNTAGNkLEGSpaEiKdlEalkaalk
OspA_protein_36,mkkyllgiglilaliackqnvssldeKnsvsvdlPGgmtvlvskETdKDgkyslmatvdKlElKgtsdkNngsgtlegEkTdKskvkltiaEdlskttfeifkEDgKTlvskkvtlKdkssteekfdEKgavtekvmtrkdgtRleytdiKNdgsgkakevlKDftlegtlaAdgkttltvKeSTvTlskNisKSgEitvalDdSdSSGnKksgTwDsGTstltiskNRQktkqlvftKEntitvqnydSAgTnlEGKavEittlKelkdalk
OspA_protein_37,mkkyllgiglilaliackqnvssldEKnsvsvdlPGEmkvlvskEKdKDgkyslmatvdKlelKgtsdkSNgsgvlegvkadkskakltiaDdlsqtkfeifkEDgTTlvsrkvtlKdkssteeKfgEKgavtekvmtRKdgtRlEhtniKSNgsgkakeVlKgFalEgtlaADgkttltvteGTvTlnkhisKsgEitvDlVdTETTPANKkTgEwEAGtstlkiskNSKKtkqlvftKEnTitvqnyDSASGTNLEGTAvEiTtlDdlKKvlk
OspA_protein_38,mkkyllgiglilaliackqnvssldEKnsvsvdlPGgmkvlvskEKdKDgkyslmatvdKlelKgtsdkSNgsgvlegEkadKskakltisQDlnqttfeifkEDgKtlvsRkvnsKDKssteekfnDKgKlsekvvtRaNgtrleyteiKNDgsgNakeVlKgltlEgtltADgetkltvTeKTvTlsknisKsgeitvalNdTETTPADKktgEwksDTstltiskNSQktkqlvftKEntitvqnyNTAgTklEGSPaEiKdlAElkaalk
OspA_protein_39,mkkyllgiglilaliackqnvssldeKnsvsvdlPGgmkvlvskEKdKDgkyslmatveKlelKgtsdkSNgsgvlegEkTdKskakltisqELnqttfeifkEdgKtlvsRkvnsKDKssteekfnDKgKlsekvvtRaNgtrleyteIQSNgsgkakevlKgltlegtltAGgetkltvteDTvtlsksisKsgeitvdlKdTDSSVdkksgTwDSDtstltiikNSRktkqlvftKEntitvqkyNTAgNaLEGSPaEiKdlAelkaalk
OspA_protein_40,mkkyllgiglilaliackqnvssldeKnsasvdlPGEmkvlvskEKdKDgkyslmatvdKvelkgtsdkNngsgmlegvkDDKskvkltisDdlnkttfetfkEDgKtlvsRkvnsKDKsstvekfnEKgelsektitRENgtrleyteiKSdgtgkakevlKDFtlegtlaADkttlevkeGTvtlskhipNsgevtveiNdTSTTQAtKktgKwdaKtstltiavnNKntkslvftKEdTitvqnyDSAGTNLEGTavEiktldelkNalk
OspA_protein_41,mkkyllgiglilaliackqnvssldeKnsvsvdlPGEmnvlvskEKdKDgkyelmatvdklelkgtseksNgsgvlegvkadkskvkltisEdlsqttlevfkedgKtlvskkvtsKdkssteekfnEKgevsektitrsdgtrleyteiKSdgsgkakevlKgytlegtstaEKttlvvkagTvtlsknisksgevsvelndTDSTPAtkktgawnSStstltitvnsKktkdlvftKEntitvqaydSNgTKlEgSavElktldeikNalk
OspA_protein_42,mkkyllgiglilaliackqnvssldeKnsvsvdlPGEmkvlvskEKdKDgkyslmatvdNlelKgtsekNNgsgvlegvkadkskvkltvsEdlstttlevlkEDgKTfvskkttsKDKssteekfnDKgElsekimvRaNgtkleyteiKNDgsgKaketlKEyvlegtltaEKatltvkqGTvtlskhisksgevtaElNdTDSAQAtKktgKwdAGtstltisvNSKKtkdlvftkQdTitvqkYDSANTNLEGTavEiktldelkNalk
OspA_protein_43,mkkyllgiglilaliackqnvsklddKnstsvdlPGgmkvlvskEKdKDgkytlmatvdKlelkgtsdKNngsgtlegakTDKskvkltisDdlskttletlkEDgKtlvSrkvnSKdmpseeekfnDKgELaekvilRgNgtrleyteiKSDgTgKakevlKNftlegtlaNdkttltvKegTvalnkhiekSgkitvdlNdSSTTAStKktaEwdpNnstltisvNSKKttqlvftKQdtitmqkYNTNgDAlEGvAvEIttldalkNtlk
OspA_protein_44,mkkyllgiglilaliackqnvsgldeKnsvsvdlPGEmkvlvskeKdKDgkyslmatvdKlelkgtsdkNngsgvlegvkDDkskvkltvsDdlstttlevlkedgKtlvsRketsKDKssteekfnEKgeltekimeRsNgtrleyteikTDgsgkaketlKdfvlegtlttEKailtvkeGTvtlnknisksgevtvdlNdTSTTAAtkktgKwdSStstltvsvnsKKtkdlvftKQdTitvqkydSAgTnlEGTavEiktldelkNalk
OspA_protein_45,mkkyllgiglilaliackqnvssldeKnsvsvdlPGEmkvlvskEKdKDgkyslmatvdKlelKgtsdkNngsgvlegvkadkskvkltvsDdlstttlevlkEdgKtlvskkttsKdKssteekfnEKgElvekimaRaNgtileyteiKSDgsgKakeTlKEyvlegtltaEKatlvvKeGTvtlskhisksgevtaElNdTDSTQAtKktgKwdAGtstltitvnNKKtkalvftKQdtitsqkyDSAGTnlEgTavEiKtldelkNalr
OspA_protein_46,mkkyllgiglilaliackqnvssldeKnsvsvdlPGEmkvlvskEKdKDgkyslmatvdKlelkgtsdkSngsgilegvkTdkskakltisDdlskttfevfkEDgKtlvsRkvnsKDkssteekfnaKgelsekvvtRaNgnrleyteiKSdgsgkakevlKDftlegtltAdkttltiQeGSvTlskniaksgEitvelNdTdSSGdKksgQwnsStstltisaKsKKtkdlvftkQdTitvqkYDSAgTnlEGSavEiktldelkNalk
OspA_protein_47,mkkyllgiglilaliackqnvsgldeKnsvsvdlPGEmkvlvskeKdKDgkyslmatvdKlelKgtsdkNngsgilegvkadkskvkltvsEdlstttlevlkEDgKtlvskkttsKdKssteekfnDKgElaektivRaNgtrleytevKSDgsgkaketlKDyalEgtltaEKatlvvkeGTvtlskhisksgevtaElNdTDSAQAtKktgKwdAGtstltisvNSKKtknlvftkQdTitvqkydSAgTnlEGTavEiktldelkNalk
OspA_protein_48,mkkyllgiglilaliackqnvssldeKnsvsvdlPGEmnvlvskeKnKDgkydliatvdKlelkgtsdkNngsgvlegvkadkskvkltisDdLgqttlevfkedgKtlvskkvtsKdkssteekfnEKgevsekiitradgtrleyteikSdgsgkakevlKgyvlegtltaEKttlvvkeGTvtlsknisksgevsvelndTDSSAAtkktaawNSGtstltitvnsKKtkdlvftKEntitvqqydSNgTKLEgSaveiTkldeikNalr
OspA_protein_49,mkkyllgiglilaliackqnvssldeKnsvsvdlPGgmkvlvskEKdKDgkyslmatvdKlelKgtsdkNNgsgtlegEkadKskakltiaEdlsqttfeifkEDgKtlvsRkvnsKDKssteekfgEKgavtekvmtrKdgtRleytdiKSNgsgkakeVlKgltlegtltADgetkltvteGTvTlnkhisKsgeitvDlKdTETTPANKktgEwDSGTstlkiskNSKKtkqlvftKEntitvqnyDSASGTNLEGTaIEiTtlKelkdalk
OspA_protein_50,mkkyllgiglilaliackqnvssldeKnsvsvdlPGEikvlvskEKdKDgkyslmatvdKlelkgtsdkNngsgvlegvkadkskvkltvsDdlskttlevlkEDgKtlvsRkvtsKDKssteekfnEKgelaektmtRaDEtrleyteiKSdgsgkakevlKgYalegtltaEKttlvvkeGTvtlsknisksgevTaElNdTDSAAAtKktgawNSGTstltitaNSKktkdlvftKEnTitvqkYDTAGIKLEGSavEiKtldelkNalk
OspA_protein_51,mkkyllgiglilaliackqnvsgldeKnstsvDvPGElkvlvskEKdKDgkyslmatvdKlelkgtsdkNdgsgvlegvkadKskvkltisdHLSkttfevfkeDgKtlvsRnvnsKDKsstkekfnEKgelsektlvraNgtkleyteiKSdgtgkakevlKdftlegtlaNeKatltvKeGTvtlskNidkSgEvtvalNdTDSTAAtKktgawDSKtstltitvNSKKtkdlVftkQdTitvqkYDSAgTTLEGSavEiktlDelkNalk
OspA_protein_52,mkkyllgiglilaliackqnvssldEKnsasvdlPGEmkvlvskEKdKDgkyslvatvdKvelkgtsdKNngsgtlegvkDDKskvkltisDDLgetkletfkEDgtlvsrkvnfKDksfteekfnEKgevsekiltRsNgttlEysqMTDAENatkavetlKNGiKlPgNlVGgKttlkitegTvtlskhiaksgevtveiNdTSSTPNtKktgKwdaKnstltiivdSKnktklvftKQdtitvqsyNPAGNKLEgTavEiktlqelkNalk
OspA_protein_53,mkkyllgiglilaliackqnvssldEKnsasvdlPGEmkvlvskEKdKDgkyslvatvdKvelkgtsdKNngsgtlegvkDDKskvkltisDDLgetkletfkEDgtlvsrkvnfKDksfteekfnEKgevsekiltRsNgttlEysqMTDAENatkavetlKNGiKlPgNlVGgKttlkitegTvtlskhiaksgevtveiNdTSSTPNtKktgKwdaRnstltiivdSKnktklvftKQdtitvqsyNPAGNKLEgTavEiktlqelkNalk
OspA_protein_54,mkryllgiglilaliackqnvsslddKnsvsvslPGEikvlvskekdKDgkyslmsiidKielkgtsdkNngsgilegvkSdKsQvkltvsndLaqttleifqEDgKTfmsrkvnsKdkssieekfnaKgelsekimvRaNgtrlehteikSdgtgkakeilKDFtlegtlaAnkttlkvEeSSvtlikhiekSgEikvelkdTAgQksgnwdaAsraltiivnNKyisqlvftKQdtityqkydTAGTklEgTaveiktlaelkntlk
OspA_protein_55,mkkyllgiglilaliackqnvssldeKnsvsvdlPGEmkvlvskEKdKDgkyslmatigKlelkgtsdkSngsgvlegvkadkskakltiaEDLgqtkfeifkEdgTTlmsrkvtlKdKssteekfdaKgAavtekvitRKdgtRleytemKSdgsgkakevlKnfalegtldTGgkttltvkqDTvtltkeidKDgKvkislDdTASSsKktgawvDATntltisaNSKKtkdlVftKEntitvqsYDSGGTTLEGKavEittlEslkdalk
OspA_protein_56,mkkyllgiglilaliackqnvssldeKnsvsvdlPGEmkvlvskEKdKDgkyslmatigKlelkgtsdkSngsgvlegvkadkskakltiaEDLgqtkfeifkEdgTTlmsrkvtlKdKssteekfdaKgAavtekvitRKdgtRleytemKSdgsgkakevlKNfalegtldTGgkttltvkqDTvtltkeidKDgKvkislDdTASSsKktgawvDATntltisaNSKKtkdlVftKEntitvqsYDSGGTTLEGKavEittlEnlkDalk
OspA_protein_57,mkkyllgiglilaliackqnvssldeKnsvsvglPGEmkvlvskeKdKDgkyslmatvdKlelKgtsdkNngsgvlegekadKskvkltvaEdlskttlevlkEDgKtlvsRkvtsKdkssteekfnEKgelsektitradgtrleyteiKSDgNgKakevlKgyalEgtltaEKttlevkegTvtlsknisKsgevtvalndTASGIaKktatwESSTntltisaNSKKtqdivftKEntitvqkYDSGGTKLEGKaveiktldqlktalk
OspA_protein_58,mkkyllgiglilaliackqnvssldeKnsvsvdlPGgmkvlvskEKdKDgkyslEatveKlElKgtsdkSNgsgvlegEkadKskakltisQdlnqttfeifkEdgKtlvsRkvnsKDkssteekfndKgklsekvvtradgtrleyteiQNDgsgkakeVlKgltlEgtltNDgetkltvEegTvtlsknisKsgeitvdlKdTETTPAdKktgEwKsdtstltiskNsRktkqlvftKENtitvqnydSAgTklEGSPaEiKdlTelkTalk
OspA_protein_59,mkkyllgiglilaliackqnvssldeKnsvsvdlPGgmkvlvskEKdKDgkyslmatveKlElKgtsdKNngsgtlegEkTDKskvkltiaEdlskttfeifkEDgKTlvskkvtlKdkssteekfnEKgeisektivrangtRleytdiKSDKtgkakeVlKDftlegtlaADgKttlkvteGTvTlskNisKsgEitvalDdTdSSGnKksgTwDsGTstltiskNRTKtkqlvftKEdtitvqnydSAgTNlEGKavEittlKelkNalk
OspA_protein_60,mkkyllgiglilaliackqnvssldeKnsvSvDlPGgmtvlvSkEKdKDgkyslEatvdKlElKgtsdKNNgsgtlegEkTDKskvkstiaDdlsqtkfeifkEDgKTlvskkvtlKdkssteekfnGKgetsektivrangtRleytdiKSdgsgkakeVlKDftlegtlaADgkttlkvteGTvvlsknilksgeiTaalDdSDTTRAtKktgKwdsKtstltisvNSQKtknlvftkEdTitvqrYdSAGTNLEGKAvEittlKelkNalk
OspA_protein_61,mkkyllgiglilaliackqnvssldeKnsasvdlPGEmkvlvskeKdKDgkyslkatvdKielkgtsdkDNgsgvlegtkDDKskakltiaDDlSkttfelfkEDgKtlvsRkvssRDKtstdemfnEKgElsaKtmtRENgtkleytemKSDgTgkakevlKnftlegKvANdkvtlevKeGTvtlskeiaksgevtvalNdTNTTQAtKktgawDSKtstltisvNSKkttqlvftKQdTitvqkydSAgTnlEGTavEiktlDelkNalk
OspA_protein_62,mkkyllgiglilaliackqnvssldeKnsvsvdlPGgmtvlvskEKdKDgkyslmttvdKlElKgtsdkNngsgtlegEkTDKskvkltiaDdlsqtkfeifkEDgKTlvskkvtlKdkssteekfnEKgetsektivrangtRleytdiKSdgsgkakeVlKDftlegtlaADgkttlkvteGTVvlsknilksgEitvalDdSDTTQAtKktgkwdsKtstltisvnSRKtknlvftkEdTitvqkYDSAgTNlEGKavEittlKelkDalr
OspA_protein_63,mkkyllgiglilaliackqnvssldeKnsvsvdlPGEmnvlvskeKnKDgkydliatvdKlelkgtsdkNngsgvlegvkadkskvkltisDDLgqttlevfkedgKtlvskkvtsKdkssteekfnEKgevsekiitradgtRleytgikSdgsgkakevlKgyvlegtltaEKttlvvkeGTvtlsknisksgevsvelndTDSSAAtkktaawNSGtstltitvnsKKtkdlvftKEnTitvqqydSNgTKLEgSaveiTKldeikNalk
OspA_protein_64,mkkyllgiglilaliackqnvssldeKnsvsvdlPGgmkvlvskEKdKDgkyslmatveKlelkgtsdkSngsgvlegEkadkskakltisQDlnqttfeifkEdgKtlvsRkvnsKDKssteekfnDKgKlsekvvtRaNgtrleytdiQDDgSgNakeVlKgltlEgtltADgetkltvEegTvtlsknisKsgEitvtlgDTDSSADKktgEwksDtstltiikNSKktkqfvftKEDtitvqkyNTAgTaLEGNPaEiKdlTelkTalk
OspA_protein_65,mkkyllgiglilaliackqnvssldeKnsasvdlPGEmkvlvskeKdKDgkyslkatvdKielkgtsdkDNgsgvlegtkDDKskakltiaDDLSkttfelfkEDgKtlvsRkvssIDKtstdemfnEKgElsaKtmtRENGtkleytemKSDgTgkakevlKnftlegKvANdKvtlevkeGTvtlskeiaksgevtvalNdTNTTQAtKktgawDSKtstltisvNSKkttqlvftKQdTitvqkydSAgTNlEGTavEiktlDelkNalk
OspA_protein_66,mkkyllgiglilaliackqnvssldeknsvsvdlPGEmkvlvskeKdKDgkyslmatvdKlelkgtsdkSngsgvlegvkadkskakltisDdlskttfevfkEDgKtlvlRkvnsKDKssteekfnENgKlsekvvtRaNgnrleyteiKSdgsgkakevlKgftlegtltAdkttltvkeGTvtlnkNieksgEitvelndTdSSGaKksgKwnsStstltisaNNKkttdlvftKQdtitvqkYDSAGTNlEGSavEiktldelkNalk
OspA_protein_67,mkkyllgiglilaliackqnvssldeKnsvsvdlPGEmkvlvskEKdKDgkyslmatvdKlelkgtsdkNngsgtlegEkTdKskakltisDdlskttfevfkEDgKtlvsRkvnsKDKssteekfnaKgElsekvvtRaNgnRleytemkSDgSgkakevlkdlalEgtltADgkttltiqeGTvtlkkeiekagtvklflddTSSGStKktavwsdTsntltvsaDSKKikdfvflTDgTiTvqnydKAgTKLEGTateikdlTalkTalk
OspA_protein_68,mkkyllgiglilaliackqnvssldeKnsvsvdlPGEmkvlvskEKdKDgkyslmatvdRlElKgtsdkNngsgtlegEkTdKskakltiaDdlsqtkfeifkEDgTTlvsrkvtlKdkssteekfnAKgelsektivraNgtRlkytdiKNdgsgkakevlKdfalEgtltADgkttltiqeGTvtlkkeiekagtvklflddTASGStkktavwsdTsntltvsaDSKKikdfvflTDgTitvqnyNTAGNKLEGSAvEittlNalkDalk
OspA_protein_69,mkkyllgiglilaliackqnvssldeKnsvsvdlPGEmkvlvskeKdKDgkyslmatvdKlelkgtsdkSngsgvlegEkadKskakltisQdlnqttfeifqEDgKTlvsRkvnsKDKssieekfndKgklsekvvtRKdgtrleyteiQNDgsgkakevlEgltlegtltTDgetkltvkeDTvtlsknisKsgeitvalddTKTTPAdKktgewKsDtstliiskNKQktkqlvftKEntitvqnydSAgTKlEDSPaEiKdlAglkaalk
OspA_protein_70,mkkyllgiglilaliackqnvssldeKnsvsvdlPGgmkvlvskEKdKDgkyslmatveKlElKgtsdKNngsgtlegEkTDKskvkltiaEdlskttfeifkEDgKTlvskkvtlKdkssteekfnEKgeisektivrangtRleytdiKSDKtgkakeVlKDftlegtlaADgKttlkvteGTvTlsknisKsgEitvalDdTdSSGnKksgTwDsGTstltiskNRQKtkqlvftKEdtitvqnyDSAgTNlEGKAvEittlKalkdalk
OspA_protein_71,mkkyllgiglilaliackqnvssldeKnsvsvdlPGEmkvlvskEKdKDgkyslmatvdKlelkgtsdkSngsgvlegvkTdkskakltisDdlskttfevfkEdgKtlvsRkvnsKDKssteekfnaKgelsekvvtRaNgnrleytemKSDgsgkakevlKgftlegtltADKttlkiqegTvTlskniaksgEitvelNdTdSSGdKksgQwnsSTstltisaKNKKttdlVftKQdTitvqkYDSAGTNlEGSavEiktlDelkNalk
OspA_protein_72,mkkyllgiglilaliackqnvssldeKnsvsvdlPGgmkvlvskEKdKDgkyslmatvdKlElKgtsdkNNgsgtlegEkTDKskakltiaEdlskttfeifkEDgKTlvskkvtlKdkssteeKfgEKgavtekvmtrKdgtRlEytdiKSNgsgkakeVlKgFalEgtlaADgkttltvteGTvTlnkhisKsgEitvDlKdTETTQAtKktgEwDSGtstlkiskNSKKtkqlvftKEnTitvqnyDSASGTNLEGTAIEiTtlDdlKKvlk
OspA_protein_73,mkkyllgiglilaliackqnvssldeKnsvsvdlPGEmkvlvskeKdKDgkyslmatvdKlelkgtsdkSngsgvlegEkadKskakltisQDlnqttfeifqEDgKTlvsRkvnsKDKssteekfnDKgKlsekvvtRKdgtrleyteiQNDgsgkakevlEgltlegtlaADgkttltvteGTvTlsknisKsgeitvalddTASANKksgtwdSDtstltiikNSQKtkqlvftKEntitvqnyNTAGNaLEGSPdeiKdlAklqaalk
OspA_protein_74,mkkyllgiglilaliackqnvssldeKnsasvdlPGEmkvlvskeKdKDgkyslkatvdKielkgtsdkDNgsgvlegtkDDKskakltiaDdlskttfelfkEDgKtlvsrkvssKDKtstdemfnEKgElsaKtmtRENgtkleytemKSDgTgKakevlKnftlegKvANdKvtlevkeGTvtlskeiaksgEvtvalNdTNTTQAtKktgawDSKtstltisvNSKkttqlvftKQdTitvqkydSAgTNlEGTavEiktlDelkNaln
OspA_protein_75,mkkyllgiglilaliackqnvssldeknslsvdlPGEmnvlvskeKnKDgkydliatvdKlelkgtsdkNngsgvlegvkadkskvkltisDdLgqttlevfkedgKtlvskkvtsKdkssteekfnEKgevsekiitradgtrleyteiKSdgsgkakevlKgyvlegtltaEKttlvvkeGTvtlsknisksgevsvelndTDSSAAtkktaawNSGtstltitvnsKKtkdlvftKEntitvqqydSNgTKLEgSaveiTkldeikNalq
OspA_protein_76,mkkyllgiglilaliackqnvssldeKnsvsvdlPGEmkvlvskeKnKDgkydliatvdKlelkgtsdkNngsgvlegvkadkskvkltisDdLgqttlevfkedgKtlvskkvtsKdkssteekfnEKgevsekiitradgtrleyteiKSdgsgkakevlKgyvlegtltaEKttlvvkeGTvtlsknisksgevsvelndTDSSAAtkktaawNSGtstltitvnsKKtkdlvftKEntitvqqydSNgTKLEgSaveiTkldeikNalr
OspA_protein_77,mkkyllgiglilaliackqnvssldeKnsvsvdlPGEmkvlvskEKdKDgkyslmatvdKlelKgtsdkNngsgtlegEkTdKskakltisDdlskttfevfkEDgKtlvsRkvnsKDKssteekfnaKgElsekvvtRaNgnRleytemkSDgSgkakevlkdfalEgtltADgkttltiqeGTvtlkkeiekagtvklflddTSSGStKktavwsdTsntltvsaDSKKikdfvflTDgTiTvqnyDTAGTKLAgTatEiKdlAalkTalk
OspA_protein_78,mkkyllgiglilaliackqnvssldeKnsasvdlPGEmkvlvskEKdKDgkyslmatvdKvelkgtsdkNngsgmlegvkDDKskvkltisDdlskttletfkEdgKtlvsRkvnsKDKsstvekfnEKgelsektitRENgtrleyteiKSdgtgkakevlKDFtlegtlaAdkttlevKdGTvtlskhipNsgevtveiNdTSSTQAtKktgKwdaKtstltivvdSKNKknlvftKQdTitvqnydSAgTsLEGTavEiKtldelkNalk
OspA_protein_79,mkkyllgiglilaliackqnvssldeKnsvSvdlPGgmtvlvSkEKdKDgkyslEatvdKlElKgtsdkNngsgtlegEkTDKskvkltiaDdlsqtkfeifkEDgKTlvskkvtlKdkssteekfnEKgetsektivrangtRleytdiKSdgsgkakeVlKDftlegtlaADgkttlkvteGTVVlsknilksgEitvalDdSDTTQAtKktgKwdsKtstltisvNSQKtknlvftkEdTitvkkyDSAGTNLEGKAvEittlKelkdalk
OspA_protein_80,mkkyllgiglilaliackqnvssldeKnsvsvdlPGgmkvlvskEKdKDgkyslmatveKlelkgtsdkSngsgvlegEkadkskakltisQDlnqttfeifkEdgKtlvsRkvnsKDKssteekfnDKgklsekvvtRaNgtrleytdiQDDgsgnakeVlKgltlegtltADgetkltvkeGTvtlsknisKsgEitvtlgDTDSSADKktgEwksDtstltiikNSKktkqfvftKEDtitvqkyNTAgTaLEGNPaEiKdlTelkTalk
OspA_protein_81,mkkyllgiglilaliackqnvssldeKnsvSvdlPGgmtvlvskEKdKDgkyslEatvdKlElKgtsdkNngsgtlegEkTDKskvkltiaDdlsqtkfeifkEDgKTlvskkvtlKdkssteekfnEKgetsektivrangtRleytdiKSdgsgkakeVlKDftlegtlaADgkttlkvteGTVvlsknilksgEitvalDdSDTTQAtKktgKwdsKtstltisvnSKKtknlvftkEdTitvqkYDSAgTNLEGKAvEittlKelkdalk
OspA_protein_82,mkkyllgiglilaliackqnvssldEKnsasvdlPGEmkvlvskEKdKDgkyslvatvdKvelKgtsdKNngsgtlkgvkDDKskvkltisDDLgetkletfkEDgtlvsrkvnfKDKsfteeKfnEKgevsekiltRsNgttlEysqMTDAENatkavetlKNgiKlPgNlVGgKttlkitegTvtlskhiaKsgevtveiNdTSSTPNtKktgKwdaRnstltiivdSKnktklvftKQdtitvqsyNPAGNKLEgTavEiktlqelkNalk
OspA_protein_83,mkkyllgiglilaliackqnvssldeKnsvsvdlPGEmkvlvskEKdKDgkyslmatveKielKgtsdkSngsgvlegEkadKskvkltiaDdlsqtkfeifkEDgKTlvskkvtlKdkssteekfnEKgetsektivraNgtRleytdiKSdgsgkakevlKDftlegtlaADgkttlkvtEGTVvlsknilksgEitvalDdSDTTQAtKktgkwdsKtstltisvnSQKtknlvftkEdTitvqkyDSAGTNlEGKavEittlKelkdalk
OspA_protein_84,mkkyllgiglilaliackqnvssldEKnsvsvdlPGgmkvlvskEKdKDgkyslmatveKlElKgtsdKNngsgtlegEkTDKskvkltiaEdlskttfeifkEDgKTlvskkvtlKdkssteekfnEKgeisektivrangtRleytdiKSDKtgkakeVlKDftlegtlaADgKttlkvteGTvTlsknisKsgEitvalDdTdSSGnKksgTwDsGTstltiskNRQKtkqlvftKEdtitvqnydLAgTKlEGKavEittlKelkdalk
OspA_protein_85,mkkyllgiglilaliackqnvssldEKnsvsvdlPGgmkvlvskEKdKDgkyslmatveKlElKgtsdkNngsgtlegEkTDKskvkltiaEDlskttfeifkEDgKTlvskkvtlKdkssteekfnEKgEisekkitrsNnttieyTeMTDADNAskavetlKngitlEgslVGgKttltikeGTvtlkkeiekagtvklflddTASGAtKktavwndTsntltvsaDSKKikdfaflTDgTitvqnyNKAgTTLEgKatEiKdlEalkaalk
OspA_protein_86,mkkyllgiglilaliackqnvssldeKnsvsvdlPGEmkvlvskEKdKDgkyslmatidKlelkgtsdKNNgsgvlegvkadKskvkltisDDldetkletfkEdgTTlvsrkvtlKdkssteekfdAKgaavtekvitrkdgtRleytgmkSdgsgkakevlKNfaldgtldTSgkttltvkqDTvtltkEidKDgKvkislEdTASSPKktgawvDATntltisaNNKKtkdlVftKEntitvqsyDSGGTTLTGKaveittlEnlkNalk
OspA_protein_87,mkkyllgiglilaliackqnvssldeKnsvsvdlPGEikvlvskeKnKDgkyslmatvdKlelkgtsdkNNgsgvlegvkadkskvkltvsDDLgqttlevlkedgKtlvsRkvtsKdKssteekfnEKgelaekimtRaNgtrleyteikSdgsgkakevlKdyvlegtltaEKttlvvkeGTvtlskhisksgevtaElNdTESSSAtkktaawNSGTstltitvnsKKtkdlvftKEntitvqkYDTAGTNlEGSaveiKKldelkNalk
OspA_protein_88,mkkyllgiglilaliackqnvssldEKnsvsvdlPGEmkvlvskEKdKDgkyslEatvdKlelkgtsdkNNgsgvlegvkadkskakltiaDdlsqtkfeifkEDgKTlvskkvtlKdkssteekfnDKgKlsekvvtRaNgtrleyteiQNDgSgKakeVlKslTlEgtltADgEtkltvEagTvtlskNisESgeitvelKdTETTPAdKksgtwdsKtstltiskNSQktkqlvftKEntitvqkyNTAgTkLEGSpaEiKdlEalkaalk
OspA_protein_89,mkkyllgiglilaliackqnvssldeKnsvSvdlPGgmtvlvskEKdKDgkyslEatvdKlElKgtsdkNngsgtlegEkTDKskvkltiaDdlsqtkfeifkEDgKTlvskkvtlKdkssteekfnEKgetsektivrangtRleytdiKSdgsgkakeVlKDftlegtlaADgkttlkvteGTvvlsknilksgEitvalDdSDTIGtKktgkwdsKtstltisvNSQKtknlvftkEdTitvqkyDSAgTNlEGKavEittlKelkdalk
OspA_protein_90,mkkyllgiglilaliackqnvssldeKnsvsvdlPGEmkvlvskEKdKDgkyslmatveKielKgtsdkSNgsgvlegEkadKskvkltiaDdlsqtkfeifkEDgTTlvsrkvnsKDKssteekfnDKgklsekvvtRKdgtRleytdiqSNgsgkakevlKgltlEgtltADgetkltvEeGTvTlsknisKSgEitvalddTASADKksgtwdSDTstltiskNSQktkqlvftKEntitvqkyNTAgTklEGSpaEiKdlTelkTalk
OspA_protein_91,mkkyllgiglilaliackqnvssldeknsvsvdlPGEmkvlvskeKdKDgkyslmatvdKlelkgtsdkSngsgvlegvkTdKskakltiaDdlsqtkfeifkEDgTTlvsrkvtlKdkssteekfnAKgelsektivrangtRleytdiKNgtgkakevlKdlalegtltADgkttltiqeGTvtlkkeiekagtvklflddTTSGStKktavwsdTsntltvsaDSKKikdfVflTDgTiTvqnydTAGTTLagTatEiKdlTalkTalk
OspA_protein_92,mkkyllgiglilaliackqnvssldeKnsvsvdlPGgmkvlvskEKdKDgkyslmatvdKlelkgtsdkSngsgvlegEkTdKskakltisQdlnqttfeifkEdgKtlvsRkvnsKDKssteekfnDKgKlsekvvtRaNgtrleyteiQNDgsgkakevlKgltlegtltADgetkltvteDTvtlsknisksgeitvalkdTaSADKKTgEwEEgtstltiskNSQktkqlvftKENtitvqkynTAgTklEgSpaEiKdlTelkaalk
OspA_protein_93,mkkyllgiglilaliackqnvssldeKnsvsvdlPGgmkvlvskEKdKDgkyslmatveKlelKgtsdkSngsgvlegEkadkskakltisQDlnqttfeifkEdgKtlvsRkvnsKDKssteekfnDKgKlsekvvtRKdgtrleytgiQNDgsgkakevlKgltlegtltADgetkltvteKTvtlsknisKsgEitvdlKdTDSSADkksgTwdSDtstltiikNSLktkqlvftKEntitvqnyNRAgNaLEGSPaEiKdlAelqaalk
OspA_protein_94,mkkyllgiglilaliackqnvssldeKnsvsvdlPGgmkvlvskEKdKDgkyslmatveKlelkgtsdkSngsgvlegEkadkskakltisQDlnqttfeifkEDgKtlvsRkvnsKDKssteekfnDKgKlsekvvtRaNgtrleytdiQNDgsgkakevlKgltlegtltAGgetkltvteDTvtlsknisKsgEitvdlKdTDSSADKksgTwdSDNstltiskNSRktkqlvftKEntitvqkyNTAgNaLEGSPaEiKdlAelqaalk
OspA_protein_95,mkkyllgiglilaliackqnvssldeKnsvsvdlPGEmkvlvskeKdKDgkyslmatvdKlelkgtsdkSngsgilegEkadkskakltisQdlnqttfeifqEDgKTlvsRkvnsKDKssteekfnDKgKlsekvvtRKdgtrleyteiqNDgsgkakevlEgltlegtlaADgkttltvteGTvtlnkhisKsgeitaDlKdTDSSSGnkksgTwdSDtstltiikNSQKtkqlvftKEntitvqnyNTAGNaLEgSPdeiKdlAklqaalk
OspA_protein_96,mkkyllgiglilaliackqnvssldEKnsvsvdlPGgmkvlvskEKdKDgkyslmatvdKlElKgasdKNngsgtlegEkTDKskakltiaEdlskttfeifkEDgKTlvskkvtlKdkssteekfnaKgEasektivrangtRleytdiKSDKTgkakeVlKDfalegtlaADgkttlkvteGTvvlskhisnsgeitvelNdSDTTQAtKktgtwdSKtstltisvNSRKtknlvftKEdTitvqkyDSAgTNlEGKavEittlKelkdalk
OspA_protein_97,mkkyllgiglilaliackqnvssldeKnsasvdlPGEmkvlvskeKdKDgkyslkatvdKielkgtsdkDNgsgvlegtkDDKskakltiaDdlskttfelfkEDgKtlvsrkvssKDKtstdemfnEKgElsaKtmtRENgtkleytemKSDgTgKakevlKnftlegKvANdKvtlevKeGTvtlskeiaksgEvtvalNdTNTTQAtKktgawDSKtstltisvNSKkttqlvftKQdTitvqkydSAgTNlEGTavEiktfDelkNalk
OspA_protein_98,mkkyllgiglilaliackqnvssldeKnsvsvdlPGgmkvlvskEKdKDgkyslmatvdKlelKgtsdkNngsgtlegEkTdKskvkltiaDdlsqtkfeifkEDgKTlvskkvtlKdkssteekfnEKgetsektivrangtRleytdiKSdgsgkakeVlKDftlegtlaAdgkttlkvteGTvvlsknilksgEitvalDdSDTIGtKktgkwdsKtstltisvNSQKtknlvftkEdTitvqkyDSAGTNlEGKavEittlKelkdalk
OspA_protein_99,mkkyllgiglilaliackqnvssldeKnsvsvdlPGEmkvlvskEKdKDgkyelmatvdKlelkgtseksNgsgvlegvkadkskvkltisDdlsqttlevfkedgKtlvskkvtsKdkssteekfnEKgevsektitradgtrleyteiKSdgsgkakevlKgytlegtstaEKttfmiKeGTvtlsknisksgevsvelNdTDSTAGtKktgawNSGtstltitvnsKktkdlvftKEntitvqkydSNgTKlEgSavElkTlDeikaalk
OspA_protein_100,mkkyllgiglilaliackqnvssldEKnsvsvdvPGGmtvrvskEKnKEgkydlmatvdKlelkgtsdkNngsgilegvkadkskvkltvaDdlskttlevlkEDgKtvvsrkvtsKdkstteaKfnEKgevsektmtraNgttlEySqMTNEDNAakavetlKnGikfEgklvSgktavEiKeSTvtlkrEidKNgkvtvslNdTGSKktaswqESTstltisaSSKKtkdlvflTNgTitvqnYDSAGTNLEGSaTEiKtldelkNalk
OspA_protein_101,mkkyllgiglilaliackqnvsgldeKnsvsvdlPGEmkvlvskeKdKDgkyslmatvdKlelKgtsdkNngsgilegvkadkskvkltvsEdlstttlevlkEDgKtlvskkttsKdKssteekfnDKgElaektmvRaNgtrleytevKSDgsgkaketlKDyalEgtltaEKatlvvkeGTvtlskhisksgevtaElNdTDSAQAtKktgKwdAGtstltisvNSKKtknlvftkQdTitvqkydSAgTnlEGTavEiktldelkNalk
OspA_protein_102,mkkyllgiglilaliackqnvssldeKnsvsvdlPGEmkvlvskEKdKDgkyslmatvdNlelKgtsekNNgsgvlegvkadkskvkltvsEdlstttlevlkEDgKTfvskkttsKdkssteekfnDKgelsektmvRaNgtrleyteiKNDgsgKakeTlKEyvlEgtltaEKatltvKeGTvtlskhisksgevtaElNdTDSAQAtkktgKwdAGtstltiivnSKKtkdlvftKQdTitvqkYDSAGTNLEGTavEiktlDelkNalk
OspA_protein_103,mkkyllgiglilaliackqnvssldeKnsvsvdlPGEikvlvskeKnKDgkyslmatvdKlelkgtsdkNngsgvlegvkadkskvkltvsDDLgqttlevlkedgKtlvsRkvtsKdkssteekfnEKgelaekimtRaNgtrleyteikSdgsgkakevlKdyvlegtltaEKatlvvkeGTvtlskhisksgevtaelndTESSSAtkktaawNSGtstltitvnsKKtkdlvftkEntitvqkYDTAGTNlEGSaveiKKldelkNalk
OspA_protein_104,mkkyllgiglilaliackqnvsklddKnstsvdlPggvkvlvskEKdKDgkytlmatvdKlelkgtsdKNngsgtlegakTdKskvkltisDdlskttletlkEDgKtlvSrkvnsKDMsseeekFnDKgElaekvilRdNgtrleyteiKSDgTgKakevlkNftlEgtlANDKttltvVeATvTlnkhieKSgkitvdlNdTSTTAAtKktaEwdpNnstltisiNNKkttqlvftKQdtitmqkYNTNgDAlEGvAvEittlDalkNalk
OspA_protein_105,mkkyllgiglilaliackqnvsgldeKnsvsvdlPGEmkvlvskeKdKDgkyslmatvdKlelkgtsdkNngsgvlegvkadkskvkltvsDdlsqttlevlkedgKtlvsRkvtsKdkskteekfnEKgelsekimtRaNgtrleyteiKSdgsgkakevlKdytlegtlaaeKttlvvkeGTvtlsknisksgevtvelNdTDSTPAtKktgawNSGtstltitvnsKKtkdlvftKEntitvqkyDGAGTKLEgSavEiktlNelkNalk
OspA_protein_106,mnkyllgiglilalisckqnvssldeKnsstvglPGDmKvlvsrEKdKDgkyslmatvdgvelkgtsdkNngsgvlegtkadkskvkltiSDDlEetilevskEDgKtlvsrktnSKdksildekfnEQgelservltreNgsklesteiKSdgtgkakeIsKDlIlegtlaNdKatltvVeGTvTlnkhiaKDgEitvdlNdTSTTSGtKktaTwdSNnhtltitvNNLKtkdlVftKEgTitvqkYNTAGDaLEGTPaEiKtlDelkdalk
OspA_protein_107,mkkyllgiglilaliackqnvssldeknsdsvdlPGEmkvlvskeKdKDgkysltatvdKielkgtsdkNngsgvleglkaDKnkvkltisDdlskttfeifkEDgKtlvlkrvnsKDKssteekfnEKgelyekiltRENgtrleyteiKSdgtgkakevlKdftlegtlaaeKatlmvKeGTvtlskniaksgevtveiadTNSDAStKksgKwdSNtstltiaiNSKnkknlvftkQdTitvqnydSAgTklEgTavEiktldelkNalk
OspA_protein_108,mkkyllgiglilaliackqnvssldeKnsvsvdlPGEmkvlvskeKdKDgkyslmatigKlelkgtsdkSngsgvlegvkadkskakltiaddlsqtkfeifkEdgTTlvsrkvtlKdKssteekfdaKgAavtekviiRKDgtrleytemQNDgSgKakevlktltlEgTldASgkttltvKeGTvtlnkhisKsgeitadlNdTETTPAdkktgawDSGtstlkiskNsKktkqlvftKEntitvqnydSAgTnlEGKAvEittlEnlKDalk
OspA_protein_109,mkkyllgiglilaliackqnvssldeKnsvsvdlPGEmkvlvskEKdKDgkyslmatigKlelkgtsdkSngsgvlegvkadkskakltiaDdlsqtkfeifkEdgTTlvsrkvtlKdKssteekfdaKgAavtekvitRKDgtrleytemKNDgsgKakeVlKtltlEgtldASgkttltvKeGTvtlnkhisksgeitadlNdTETTPAdkktgawDsgtstlkiskNsKktkqlvftKEntitvqsYdSAgTnlEGKAvEittlEnlkNalk
OspA_protein_110,mkkyllgiglilaliackqnvssldeKnstsvdlPGEmkvlvskEKdKDgkyslmatvdKvelkgtsdkNNgsgtlegvkDDKskvkltiSDDLgetkletfkEDgKtlvsrkvnfKNKsfteekfnEKgelsekvltreNgtkleyteiKNNgTgkakevlKNftlegtlaAdKatlkiteGTvtlskhiansgevtveiNdTSSTQAtKktgKwdaKtstltivvdSKNKknlvftkQdTitiqsYDSAGTNLEGTavEiktldelkNalk
OspA_protein_111,mkkyllgiglilaliackqnvssldeKnsvsvdlPGEmkvlvskeKgKDgkyslmatidKlelkgtsdkNngsgvlegvkadKskvkltisDDldetkletfkEdgTTlvsrkvtlKdkssteekfdAKgaavtekvitrkdgtRleytgmkSdgsgkakevlKNfaldgtldTSgkttltvkqDTvtltkeidKDgKvkislEdTASSPKktgawvDATntltisaNNKKtkdlVftKEntitvqsyDSGGTTLTGKaveittlEnlkNalk
OspA_protein_112,mkkyllgiglilaliackqnvssldeKnsasvdlPGEmkvlvskEKdKDgkyslmatvdKvelKgtsdkNngsgmlegvkDDKskvkltisDdlskttletfkEDgKtlvsRkvnsKDKsstvekfnEKgelsekiitRENgtrleyteiKSdgtgkakevlKDFtlegtlaAdKatlevkEGTVtlskhiaksgevtaEiNdTSTTQAtKktgKwdANtstltivvdSKNKknlvftKQdTitvqnyDAAGTNLEGTAvEiKtfdelkNalk
OspA_protein_113,mkkyllgislilaliackqNaGDTastdgKtsvDlPSgekvLvskEKnKDgkyelmatvDNlelKgtsdKNDgsgtlegvkDDKskvkltvsDdlsetkletlkEDgTpvstkttsKdksvteekFdDKgEltdkiitraNgtklelteitKEgKakvketlKHltlegtlaDkkitlavKegTvtlskEidENeKvtvsvKdTSTTDATKkTgawDENTstltitvNSKKtkdivflADgTitkqsyNTNGDKLEGQAEEvKtlDdlkTalk
OspA_protein_114,mkkyllgislilaliackqNaGDTASGDsNtsssvElSSgeKvlvskEKnKDgkyelmatvgNlElKgtsdKNDgsgtlegVkDDnskvkltvsDDlettleitkaDgKkvskkttaKDKssteeiFdaNgEYvtEktitraNgtklElTeMTKEgKgKaKeAlKNftlEgavENnkiklevKeGTvTlakEideNDgKvtisvEdTNTTQAsKkTgDwDENTstltitvNSKKtkdlVftkEgTitqqsYNTNGDKLEGQAEEiKtlDdlkTalk
OspA_protein_115,mkkyllgislilaliackqNagDTASGDsNtsssvElSSgeKvlvskEKnKDgkyelmatvgNlElKgtsdKNDgsgtlegVkDDnskvkltvsDDlettleitkaDgKkvskkttaKDKssteeiFdANgEYvtEktitraNgtklElTeMTKEgKgKaKeAlKNftlEgavENnkiklevKeGTvTlakEideNDgKvtisvEdTNTTQAsKkTgDwDENtstltitvNSKKtkalvftkEgtitqqsYDTNGDNLTGQAEEiKtlDdlkTalk
OspA_protein_116,mkkyllgiglilaliackqnvssldeKnsvsvdlPGEmkvfvskEKdKDgkyslmatidKlelkgtsdKNNgsgvlegvkadKskvkltisDDldetkletfkEdgTTlvsrkvtlKdKssteekfdAKgaavtekvitrKdgtRleytgmkSdgsgkakevlKNfaldgtldTSgkttltvkqDTvtltkEidKDgKvkislDdTASSsKkTgawvDATntltisaNSKKtkdlVftKEntitvqsYDSGGTTLTGKaveittlEnlkNalk
OspA_protein_117,mkkyllgiglilaliackqnvssldeKnsvsvdlPGgmkvlvskEKdKDgkyslmatveKlElKgtsdkSNgsgvlegEkadKskakltiaEdlskttfeifkEDgKTlvskkvtlKdkssteekfnaKgevsektivRaNgtrleyteiQNDgSgkakeVlKgltlegtlaVDgEtkltvKeGTvtlsknisNsgeitvelNdSDTTQAtKktgKwDSDtstltisvnSKKtkqfvftkEDTitvqkyNTAgTaLEGSPaEiKdlTelkTalk
OspA_protein_118,mkkyllgiglilaliackqnvssldEKnsvsvdlPGgmkvfvskEKdKDgkysliatveKlElKgtsdkSNgsgvlegEkadKskakltisQDlnqttfeifkEdgKtlvsRkvnsKDKssteekfnDKgKlsekvvtRaNgtrleyteiKNDgsgNakeVlKgltlEgtltADgetkltvTeGTvTlsknisKsgeitvalNdTETTPADKktgEwksDTstltiskNSQKtkqlvftKEntitvqnyNRAGTTLEGSPaEiKdlAElkaalk
