protein,position,residue,RSA
OspA_protein_1,27,K,98.4
OspA_protein_1,35,P,7.9
OspA_protein_1,36,G,26.0
OspA_protein_1,37,E,107.7
OspA_protein_1,46,K,60.5
OspA_protein_1,48,K,98.9
OspA_protein_1,49,D,73.2
OspA_protein_1,60,K,117.7
OspA_protein_1,70,N,66.6
OspA_protein_1,92,D,63.4
OspA_protein_1,93,D,81.5
OspA_protein_1,94,L,22.3
OspA_protein_1,107,K,84.6
OspA_protein_1,117,K,82.8
OspA_protein_1,128,E,97.0
OspA_protein_1,129,K,95.4
OspA_protein_1,144,R,38.0
OspA_protein_1,152,S,95.3
OspA_protein_1,163,K,82.1
OspA_protein_1,174,E,86.0
OspA_protein_1,175,K,34.7
OspA_protein_1,183,G,104.2
OspA_protein_1,184,T,48.0
OspA_protein_1,204,T,74.6
OspA_protein_1,205,D,18.9
OspA_protein_1,206,S,109.7
OspA_protein_1,207,S,43.4
OspA_protein_1,208,A,79.8
OspA_protein_1,209,A,61.7
OspA_protein_1,217,N,54.9
OspA_protein_1,218,S,61.5
OspA_protein_1,219,G,101.2
OspA_protein_1,230,K,46.1
OspA_protein_1,231,K,45.8
OspA_protein_1,239,K,103.2
OspA_protein_1,240,E,72.6
OspA_protein_1,242,T,7.2
OspA_protein_1,250,S,91.5
OspA_protein_1,251,N,72.7
OspA_protein_1,253,T,71.1
OspA_protein_1,254,K,85.4
OspA_protein_1,255,L,45.6
OspA_protein_1,256,E,54.3
OspA_protein_1,258,S,85.4
OspA_protein_1,263,T,53.9
OspA_protein_1,264,K,55.4
OspA_protein_1,270,N,53.0
